统计日期,乡镇,垃圾类别,事件数,工单数,完成数,清理量(kg),覆盖面积(㎡),覆盖可用性
2026-09-18,安凯镇,泡沫类,1,0,0,0.00,,not_available
2026-09-18,黄岐镇,泡沫类,2,2,0,0.00,,not_available
2026-09-18,黄岐镇,塑胶类,1,0,0,0.00,,not_available
2026-09-18,黄岐镇,渔具类,1,0,0,0.00,,not_available
2026-09-18,马鼻镇,渔具类,1,1,0,0.00,,not_available
2026-09-18,马鼻镇,塑胶类,2,0,0,0.00,,not_available
2026-09-18,马鼻镇,泡沫类,6,2,1,12.50,,not_available
2026-09-18,苔菉镇,其他,1,0,0,0.00,,not_available
2026-09-18,下宫镇,塑胶类,1,0,0,0.00,,not_available
2026-09-18,下宫镇,泡沫类,1,0,0,0.00,,not_available
2026-09-18,筱埕镇,泡沫类,1,0,0,0.00,,not_available
2026-09-18,筱埕镇,渔具类,1,0,0,0.00,,not_available
2026-09-17,黄岐镇,泡沫类,7,2,1,15.50,,not_available
2026-09-17,马鼻镇,泡沫类,9,2,2,21.00,,not_available
2026-09-16,马鼻镇,泡沫类,12,3,3,28.50,,not_available
2026-09-16,马鼻镇,塑胶类,5,1,1,6.20,,not_available
