任务编号,事件编号,执行机器人,状态,优先级,目标经度,目标纬度,打捞量(kg),复核结果,创建时间,完成时间
task_2738e9b15d1a,evt_wp18-e6a2f1f8c097_approval,RBT-001,待派单,3,119.650856,26.386341,,待复核,2026-09-19T04:39:34.739164+00:00,
task_ad8008810797,evt_wp18-e6a2f1f8c097_baseline,RBT-001,待派单,3,119.650456,26.385941,,待复核,2026-09-19T04:39:31.740834+00:00,
task_463e552e58d7,evt_wp18-97c22a67efe8_baseline,RBT-001,待派单,3,119.652100,26.386400,,待复核,2026-09-19T04:38:24.278251+00:00,
tsk_20260919_84e04c,evt_e2e_001,RBT-001,待派单,1,119.653000,26.387000,,待复核,2026-09-18T18:24:46.863514+00:00,
task_25ca9aa5fcaa,evt_e2e_002,RBT-001,待派单,1,119.653500,26.387500,,待复核,2026-09-18T18:11:52.764262+00:00,
tsk_20260918_61154f,evt_mqtt_002,RBT-001,待派单,1,119.653800,26.386600,,待复核,2026-09-18T14:13:25.896171+00:00,
tsk_20260918_23df09,evt_demo_0004,RBT-001,已完成,1,119.654500,26.388000,3.50,确认清理,2026-09-18T13:45:19.998258+00:00,2026-09-18T13:45:45.278012+00:00
tsk_20260918_443502,evt_demo_0008,RBT-002,待派单,1,119.904500,26.317000,,待复核,2026-09-18T13:44:54.553886+00:00,
tsk_demo_0003,evt_demo_0006,RBT-002,作业中,1,119.905000,26.316500,,待复核,2026-09-18T09:39:46.949830+00:00,
tsk_demo_0002,evt_demo_0016,RBT-001,待派单,1,119.651200,26.387200,,待复核,2026-09-18T07:39:46.949830+00:00,
tsk_demo_0001,evt_demo_0005,RBT-001,已完成,1,119.651800,26.385800,12.50,确认清理,2026-09-18T01:39:46.949830+00:00,2026-09-18T02:09:46.949830+00:00
