File:Baby Marine Debris on Midway Atoll tries to eat marine debris (33841161126).jpg	6000x4000	https://thumb.wikimedia.org/wikipedia/commons/thumb/7/72/Baby_Marine_Debris_on_Midway_Atoll_tries_to_eat_marine_debris_%2833841161126%29.jpg/500px-Baby_Marine_Debris_on_Midway_Atoll_tries_to_eat_marine_debris_%2833841161126%29.jpg?utm_source=commons.wikimedia.org&utm_campaign=imageinfo&utm_content=thumbnail
File:Marine Debris Cleanup on Midway Atoll (33157230224).jpg	6000x4000	https://thumb.wikimedia.org/wikipedia/commons/thumb/4/44/Marine_Debris_Cleanup_on_Midway_Atoll_%2833157230224%29.jpg/500px-Marine_Debris_Cleanup_on_Midway_Atoll_%2833157230224%29.jpg?utm_source=commons.wikimedia.org&utm_campaign=imageinfo&utm_content=thumbnail
File:Marine Debris Cleanup on Midway Atoll (33842937892).jpg	6000x4000	https://thumb.wikimedia.org/wikipedia/commons/thumb/f/ff/Marine_Debris_Cleanup_on_Midway_Atoll_%2833842937892%29.jpg/500px-Marine_Debris_Cleanup_on_Midway_Atoll_%2833842937892%29.jpg?utm_source=commons.wikimedia.org&utm_campaign=imageinfo&utm_content=thumbnail
File:Marine Debris Collected on Midway Atoll (33038426434).jpg	6000x4000	https://thumb.wikimedia.org/wikipedia/commons/thumb/0/04/Marine_Debris_Collected_on_Midway_Atoll_%2833038426434%29.jpg/500px-Marine_Debris_Collected_on_Midway_Atoll_%2833038426434%29.jpg?utm_source=commons.wikimedia.org&utm_campaign=imageinfo&utm_content=thumbnail
File:Marine Debris Collected on Midway Atoll (33038435984).jpg	6000x4000	https://thumb.wikimedia.org/wikipedia/commons/thumb/d/d2/Marine_Debris_Collected_on_Midway_Atoll_%2833038435984%29.jpg/500px-Marine_Debris_Collected_on_Midway_Atoll_%2833038435984%29.jpg?utm_source=commons.wikimedia.org&utm_campaign=imageinfo&utm_content=thumbnail
File:Marine Debris on Midway Atoll (33068857593).jpg	6000x4000	https://thumb.wikimedia.org/wikipedia/commons/thumb/2/21/Marine_Debris_on_Midway_Atoll_%2833068857593%29.jpg/500px-Marine_Debris_on_Midway_Atoll_%2833068857593%29.jpg?utm_source=commons.wikimedia.org&utm_campaign=imageinfo&utm_content=thumbnail
File:Marine Debris on Midway Atoll (33497391690).jpg	5712x3616	https://thumb.wikimedia.org/wikipedia/commons/thumb/f/f8/Marine_Debris_on_Midway_Atoll_%2833497391690%29.jpg/500px-Marine_Debris_on_Midway_Atoll_%2833497391690%29.jpg?utm_source=commons.wikimedia.org&utm_campaign=imageinfo&utm_content=thumbnail
File:Marine Debris on Midway Atoll (33497422770).jpg	6000x4000	https://thumb.wikimedia.org/wikipedia/commons/thumb/1/1e/Marine_Debris_on_Midway_Atoll_%2833497422770%29.jpg/500px-Marine_Debris_on_Midway_Atoll_%2833497422770%29.jpg?utm_source=commons.wikimedia.org&utm_campaign=imageinfo&utm_content=thumbnail
File:Marine Debris on Midway Atoll (33752853031).jpg	6000x4000	https://thumb.wikimedia.org/wikipedia/commons/thumb/9/95/Marine_Debris_on_Midway_Atoll_%2833752853031%29.jpg/500px-Marine_Debris_on_Midway_Atoll_%2833752853031%29.jpg?utm_source=commons.wikimedia.org&utm_campaign=imageinfo&utm_content=thumbnail
File:Marine Debris on Midway Atoll (33752859731).jpg	6000x4000	https://thumb.wikimedia.org/wikipedia/commons/thumb/6/64/Marine_Debris_on_Midway_Atoll_%2833752859731%29.jpg/500px-Marine_Debris_on_Midway_Atoll_%2833752859731%29.jpg?utm_source=commons.wikimedia.org&utm_campaign=imageinfo&utm_content=thumbnail
File:Marine Debris on Midway Atoll (33841146206).jpg	6000x4000	https://thumb.wikimedia.org/wikipedia/commons/thumb/7/72/Marine_Debris_on_Midway_Atoll_%2833841146206%29.jpg/500px-Marine_Debris_on_Midway_Atoll_%2833841146206%29.jpg?utm_source=commons.wikimedia.org&utm_campaign=imageinfo&utm_content=thumbnail
File:Marine Debris on Midway Atoll (33841156906).jpg	6000x4000	https://thumb.wikimedia.org/wikipedia/commons/thumb/0/00/Marine_Debris_on_Midway_Atoll_%2833841156906%29.jpg/500px-Marine_Debris_on_Midway_Atoll_%2833841156906%29.jpg?utm_source=commons.wikimedia.org&utm_campaign=imageinfo&utm_content=thumbnail
File:Marine Debris on Midway Atoll (33841163576).jpg	6000x4000	https://thumb.wikimedia.org/wikipedia/commons/thumb/9/9e/Marine_Debris_on_Midway_Atoll_%2833841163576%29.jpg/500px-Marine_Debris_on_Midway_Atoll_%2833841163576%29.jpg?utm_source=commons.wikimedia.org&utm_campaign=imageinfo&utm_content=thumbnail
File:Marine Debris on Midway Atoll (33841176956).jpg	6000x4000	https://thumb.wikimedia.org/wikipedia/commons/thumb/e/e6/Marine_Debris_on_Midway_Atoll_%2833841176956%29.jpg/500px-Marine_Debris_on_Midway_Atoll_%2833841176956%29.jpg?utm_source=commons.wikimedia.org&utm_campaign=imageinfo&utm_content=thumbnail
File:Marine Debris on Midway Atoll (33882304895).jpg	6000x4000	https://thumb.wikimedia.org/wikipedia/commons/thumb/5/50/Marine_Debris_on_Midway_Atoll_%2833882304895%29.jpg/500px-Marine_Debris_on_Midway_Atoll_%2833882304895%29.jpg?utm_source=commons.wikimedia.org&utm_campaign=imageinfo&utm_content=thumbnail
File:Starr-150326-0031-Casuarina equisetifolia-marine debris floats-Boneyard Sand Island-Midway Atoll (24898592179).jpg	4608x3456	https://thumb.wikimedia.org/wikipedia/commons/thumb/1/1b/Starr-150326-0031-Casuarina_equisetifolia-marine_debris_floats-Boneyard_Sand_Island-Midway_Atoll_%2824898592179%29.jpg/500px-Starr-150326-0031-Casuarina_equisetifolia-marine_debris_floats-Boneyard_Sand_Island-Midway_Atoll_%2824898592179%29.jpg?utm_source=commons.wikimedia.org&utm_campaign=imageinfo&utm_content=thumbnail
File:Starr-150326-0032-Casuarina equisetifolia-marine debris-Boneyard Sand Island-Midway Atoll (24635637974).jpg	4608x3456	https://thumb.wikimedia.org/wikipedia/commons/thumb/c/cb/Starr-150326-0032-Casuarina_equisetifolia-marine_debris-Boneyard_Sand_Island-Midway_Atoll_%2824635637974%29.jpg/500px-Starr-150326-0032-Casuarina_equisetifolia-marine_debris-Boneyard_Sand_Island-Midway_Atoll_%2824635637974%29.jpg?utm_source=commons.wikimedia.org&utm_campaign=imageinfo&utm_content=thumbnail
File:Starr-150326-0034-Casuarina equisetifolia-marine debris and sign-Boneyard Sand Island-Midway Atoll (24970672410).jpg	4608x3456	https://thumb.wikimedia.org/wikipedia/commons/thumb/7/76/Starr-150326-0034-Casuarina_equisetifolia-marine_debris_and_sign-Boneyard_Sand_Island-Midway_Atoll_%2824970672410%29.jpg/500px-Starr-150326-0034-Casuarina_equisetifolia-marine_debris_and_sign-Boneyard_Sand_Island-Midway_Atoll_%2824970672410%29.jpg?utm_source=commons.wikimedia.org&utm_campaign=imageinfo&utm_content=thumbnail
File:Starr-150402-0806-Scaevola taccada-coral rubble marine debris and Laysan Albatross chick-Northeast Eastern Island-Midway Atoll (24978472580).jpg	4608x3456	https://thumb.wikimedia.org/wikipedia/commons/thumb/0/0d/Starr-150402-0806-Scaevola_taccada-coral_rubble_marine_debris_and_Laysan_Albatross_chick-Northeast_Eastern_Island-Midway_Atoll_%2824978472580%29.jpg/500px-Starr-150402-0806-Scaevola_taccada-coral_rubble_marine_debris_and_Laysan_Albatross_chick-Northeast_Eastern_Island-Midway_Atoll_%2824978472580%29.jpg?utm_source=commons.wikimedia.org&utm_campaign=imageinfo&utm_content=thumbnail
File:Starr-150402-0932-Coronopus didymus-marine debris floats and Laysan Albatrosses-Central Eastern Island-Midway Atoll (25274404695).jpg	4608x3456	https://thumb.wikimedia.org/wikipedia/commons/thumb/e/e0/Starr-150402-0932-Coronopus_didymus-marine_debris_floats_and_Laysan_Albatrosses-Central_Eastern_Island-Midway_Atoll_%2825274404695%29.jpg/500px-Starr-150402-0932-Coronopus_didymus-marine_debris_floats_and_Laysan_Albatrosses-Central_Eastern_Island-Midway_Atoll_%2825274404695%29.jpg?utm_source=commons.wikimedia.org&utm_campaign=imageinfo&utm_content=thumbnail
File:Starr-170620-0130-Boerhavia repens-marine debris-Southwest Eastern Island-Midway Atoll (35647018763).jpg	4608x3456	https://thumb.wikimedia.org/wikipedia/commons/thumb/b/b7/Starr-170620-0130-Boerhavia_repens-marine_debris-Southwest_Eastern_Island-Midway_Atoll_%2835647018763%29.jpg/500px-Starr-170620-0130-Boerhavia_repens-marine_debris-Southwest_Eastern_Island-Midway_Atoll_%2835647018763%29.jpg?utm_source=commons.wikimedia.org&utm_campaign=imageinfo&utm_content=thumbnail
File:Starr-170623-0771-Tournefortia argentea-marine debris waves on reef extreme low tide-Spit Island-Midway Atoll (35648366553).jpg	4608x3456	https://thumb.wikimedia.org/wikipedia/commons/thumb/f/f4/Starr-170623-0771-Tournefortia_argentea-marine_debris_waves_on_reef_extreme_low_tide-Spit_Island-Midway_Atoll_%2835648366553%29.jpg/500px-Starr-170623-0771-Tournefortia_argentea-marine_debris_waves_on_reef_extreme_low_tide-Spit_Island-Midway_Atoll_%2835648366553%29.jpg?utm_source=commons.wikimedia.org&utm_campaign=imageinfo&utm_content=thumbnail
File:Starr-170623-0780-Tournefortia argentea-extreme low tide west tip marine debris view Water Barge shipwreck-Spit Island-Midway Atoll (36410391856).jpg	4608x3456	https://thumb.wikimedia.org/wikipedia/commons/thumb/7/7e/Starr-170623-0780-Tournefortia_argentea-extreme_low_tide_west_tip_marine_debris_view_Water_Barge_shipwreck-Spit_Island-Midway_Atoll_%2836410391856%29.jpg/500px-Starr-170623-0780-Tournefortia_argentea-extreme_low_tide_west_tip_marine_debris_view_Water_Barge_shipwreck-Spit_Island-Midway_Atoll_%2836410391856%29.jpg?utm_source=commons.wikimedia.org&utm_campaign=imageinfo&utm_content=thumbnail
